GREENHOUSE GAS SOURCE AND SINK CATEGORIES,Net CO2 emissions/removals (kt),CH4 (kt),N2O (kt),Sheet,Country,Year,Level
3.  Agriculture,591.1937612499764,784.5295120338473,46.04707139193516,Summary1.As2,ITALY,2007,Sector
"4.  Land use, land-use change and forestry  (4)",-15747.347587741395,55.39351614144013,2.90974383480597,Summary1.As2,ITALY,2007,Sector
5.  Waste,212.76878156412263,758.7648969848865,5.95333652338962,Summary1.As2,ITALY,2007,Sector
