GREENHOUSE GAS SOURCE AND SINK CATEGORIES,Net CO2 emissions/removals (kt),CH4 (kt),N2O (kt),Sheet,Country,Year,Level
3.  Agriculture,615.9758964445771,812.3579880622722,47.53575870523611,Summary1.As2,ITALY,2003,Sector
"4.  Land use, land-use change and forestry  (4)",-29384.280633940198,23.34755479081405,2.23675975845122,Summary1.As2,ITALY,2003,Sector
5.  Waste,202.24040327625994,817.1296788665309,5.55909629798238,Summary1.As2,ITALY,2003,Sector
