GREENHOUSE GAS SOURCE AND SINK CATEGORIES,Net CO2 emissions/removals (kt),CH4,N2O,HFCs(1) (kt CO2 equivalent),PFCs(1),Unspecified mix of HFCs and PFCs(1),SF6 (kt),NF3,NOx,CO,NMVOC,UNITED KINGDOM OF GREAT BRITAIN AND NORTHERN IRELAND SO2,Year,Level
Total national emissions and removals,417899.521751107,2248.850292344083,75.76462361336294,13349.290500012065,257.22316213203703,NO,0.01778316379032,2.096730672e-05,1019.8063067471606,1607.682033471529,824.2954852243258,269.8226806622749,2015,Total
