GREENHOUSE GAS SOURCE AND SINK CATEGORIES,Net CO2 emissions/removals (kt),CH4,N2O,HFCs(1) (kt CO2 equivalent),PFCs(1),Unspecified mix of HFCs and PFCs(1),SF6 (kt),NF3,NOx,CO,NMVOC,UNITED KINGDOM OF GREAT BRITAIN AND NORTHERN IRELAND SO2,Year,Level
Total national emissions and removals,361714.4349767572,2157.8937431545505,75.10587532536039,12333.145978974675,200.8581765675987,NO,0.02085786004888,2.096730672e-05,794.4481423028514,1422.643832118468,823.9349932050104,156.8013630533179,2019,Total
