GREENHOUSE GAS SOURCE AND SINK CATEGORIES,Net CO2 emissions/removals (kt),CH4,N2O,HFCs(1) (kt CO2 equivalent),PFCs(1),Unspecified mix of HFCs and PFCs(1),SF6 (kt),NF3,NOx,CO,NMVOC,UNITED KINGDOM OF GREAT BRITAIN AND NORTHERN IRELAND SO2,Year,Level
Total national emissions and removals,434008.9272177405,2287.2403627153226,76.4625576647936,13343.159754723687,219.21137511376557,NO,0.01864851157775,2.096730672e-05,1059.877203427134,1663.6982544250234,825.0341320801324,342.91536569420816,2014,Total
