GREENHOUSE GAS SOURCE AND SINK CATEGORIES,Net CO2 emissions/removals (kt),CH4,N2O,HFCs(1) (kt CO2 equivalent),PFCs(1),SF6 (kt),Country,Year,Level
1. Energy,567624.8351479645,1517.5810701402088,12.25304941615515,,,,GBR,1991,Sector
2.  Industrial processes and product use,40751.71190583415,11.36160980369315,82.50653222248519,12582.825728160471,1243.0533429827867,0.05545701674504,GBR,1991,Sector
