GREENHOUSE GAS SOURCE AND SINK CATEGORIES,Net CO2 emissions/removals (kt),CH4,N2O,HFCs(1) (kt CO2 equivalent),PFCs(1),SF6 (kt),Year,Level
1. Energy,343406.46181272925,255.9547731868476,7.95155826730183,,,,2019,Sector
2.  Industrial processes and product use,21788.280982000786,3.39210151592931,3.0387149052973,12333.145978974675,200.8581765675987,0.02085786004888,2019,Sector
