GREENHOUSE GAS SOURCE AND SINK CATEGORIES,Net CO2 emissions/removals (kt),CH4,N2O,HFCs(1) (kt CO2 equivalent),PFCs(1),SF6 (kt),Year,Level
1. Energy,533765.6345130343,492.31197591309655,10.33784718108434,,,,2005,Sector
2.  Industrial processes and product use,36182.829288987385,5.37330211544787,12.32065621231824,8677.174859644147,366.13838284421047,0.04480063068911,2005,Sector
