GREENHOUSE GAS SOURCE AND SINK CATEGORIES,Net CO2 emissions/removals (kt),CH4,N2O,HFCs(1) (kt CO2 equivalent),PFCs(1),SF6 (kt),Year,Level
1. Energy,535874.7025984254,565.2589187571984,10.54871559463337,,,,2004,Sector
2.  Industrial processes and product use,37405.59760832267,6.20504703382807,14.56326623839524,7917.718776473689,407.081950631323,0.04750396522097,2004,Sector
