GREENHOUSE GAS SOURCE AND SINK CATEGORIES,Net CO2 emissions/removals (kt),CH4,N2O,HFCs(1) (kt CO2 equivalent),PFCs(1),SF6 (kt),Year,Level
1. Energy,447132.9217394318,340.85998083563913,8.65113595789591,,,,2013,Sector
2.  Industrial processes and product use,30319.639452665302,5.21360768406689,2.93340495673303,13176.893651548758,274.1761522509474,0.02019341537578,2013,Sector
