GREENHOUSE GAS SOURCE AND SINK CATEGORIES,Net CO2 emissions/removals (kt),CH4,N2O,HFCs(1) (kt CO2 equivalent),PFCs(1),SF6 (kt),Year,Level
1. Energy,375956.3334537399,267.5684148820002,7.97942301700532,,,,2016,Sector
2.  Industrial processes and product use,22988.30675371613,3.70016644719673,2.91422849892715,13359.726126137777,267.2317828235167,0.01907751794551,2016,Sector
