GREENHOUSE GAS SOURCE AND SINK CATEGORIES,Net CO2 emissions/removals (kt),CH4,N2O,HFCs(1) (kt CO2 equivalent),PFCs(1),SF6 (kt),Year,Level
1. Energy,531156.247797999,458.1738269887002,10.13175071932281,,,,2006,Sector
2.  Industrial processes and product use,36537.47656932215,5.44668113687737,10.45477653350334,9521.972974739243,362.03979637913653,0.03715701028218,2006,Sector
