GREENHOUSE GAS SOURCE AND SINK CATEGORIES,Net CO2 emissions/removals (kt),CH4,N2O,HFCs(1) (kt CO2 equivalent),PFCs(1),SF6 (kt),Year,Level
1. Energy,444736.9921027399,388.3650082760593,8.1545435465535,,,,2011,Sector
2.  Industrial processes and product use,24816.63723555793,4.54001504707675,3.9391828541004,12134.882594745202,376.3728501496623,0.02407621923136,2011,Sector
