GREENHOUSE GAS SOURCE AND SINK CATEGORIES,Net CO2 emissions/removals (kt),CH4,N2O,HFCs(1) (kt CO2 equivalent),PFCs(1),SF6 (kt),Year,Level
1. Energy,531410.7662984238,1120.7428995340747,12.19352555004721,,,,1994,Sector
2.  Industrial processes and product use,41887.94475758753,11.69049309473291,55.11528601009812,14537.303027826963,546.4092799665525,0.05294168695483,1994,Sector
