GREENHOUSE GAS SOURCE AND SINK CATEGORIES,Net CO2 emissions/removals (kt),CH4,N2O,HFCs(1) (kt CO2 equivalent),PFCs(1),SF6 (kt),Year,Level
1. Energy,521469.4019720987,437.18250199446715,9.70437584022109,,,,2007,Sector
2.  Industrial processes and product use,37897.5469818352,5.8052768874768,11.90174070419308,9964.982765223729,264.93432439613827,0.03533789528807,2007,Sector
