GREENHOUSE GAS SOURCE AND SINK CATEGORIES,Net CO2 emissions/removals (kt),CH4,N2O,HFCs(1) (kt CO2 equivalent),PFCs(1),Unspecified mix of HFCs and PFCs(1),SF6 (kt),NF3,NOx,CO,NMVOC,UNITED KINGDOM OF GREAT BRITAIN AND NORTHERN IRELAND SO2,Year,Level,Parent_Sector
A. Fuel combustion     Reference approach(2),391069.896690627,,,,,,,,,,,,2015,Subsector,1. Energy
1.  Energy industries,133730.07392915373,13.35231848898785,3.21683359354823,,,,,,266.5443953774773,93.74694394420312,4.38425036778905,127.48031298244723,2015,Subsector,1. Energy
2.  Manufacturing industries and construction                          ,42027.65315585013,3.52305880415162,0.69827351023728,,,,,,128.02471162960364,389.68675475610587,16.69749408249628,49.99310599084048,2015,Subsector,1. Energy
3.  Transport,121508.4558689914,4.58615772312053,3.74059801228403,,,,,,445.4411860101318,412.11597596786123,49.21729700116467,13.99843446329911,2015,Subsector,1. Energy
4.  Other sectors,90310.43505520851,22.68350291273241,0.65409332819317,,,,,,114.67891950476354,331.2767928902639,28.45931778122869,36.41571449485103,2015,Subsector,1. Energy
5.  Other,1661.934286554562,0.04423620212544,0.05878345384737,,,,,,13.06103316815423,3.61713982065263,0.65734840528654,1.5554873171107,2015,Subsector,1. Energy
B. Fugitive emissions from fuels,4641.231872415691,262.11934527250094,0.11947969459156,,,,,,2.33785524697857,16.96085821051625,135.05485142942558,16.88311277401884,2015,Subsector,1. Energy
C. CO2 Transport and storage,NO,,,,,,,,,,,,2015,Subsector,1. Energy
