GREENHOUSE GAS SOURCE AND SINK CATEGORIES,Net CO2 emissions/removals (kt),CH4,N2O,HFCs(1) (kt CO2 equivalent),PFCs(1),Unspecified mix of HFCs and PFCs(1),SF6 (kt),NF3,NOx,CO,NMVOC,UNITED KINGDOM OF GREAT BRITAIN AND NORTHERN IRELAND SO2,Year,Level,Parent_Sector
A. Fuel combustion     Reference approach(2),561819.3001640907,,,,,,,,,,,,1991,Subsector,1. Energy
1.  Energy industries,235358.61786855172,9.29721397493072,4.77340798677118,,,,,,751.5046316578778,139.01546102216375,9.46533745412219,2580.36904076979,1991,Subsector,1. Energy
2.  Manufacturing industries and construction                          ,78754.59302728824,4.23589645258032,0.9826184811337,,,,,,328.81724658564514,512.5159092440541,29.13175511239796,447.31571277412513,1991,Subsector,1. Energy
3.  Transport,119332.13441367378,50.23476220136224,4.78927414518554,,,,,,1338.6653877033584,5139.87419118183,931.3470390821484,147.34436920206826,1991,Subsector,1. Energy
4.  Other sectors,123617.75115968891,70.79002096943812,1.40432149937559,,,,,,242.11892163361478,1158.492188964774,95.7410841120896,227.40577144317302,1991,Subsector,1. Energy
5.  Other,4301.39874176371,0.10842603853459,0.15770899290318,,,,,,37.324246790619,8.96140427470234,1.77688689766309,11.3402880098505,1991,Subsector,1. Energy
B. Fugitive emissions from fuels,6260.33993699822,1382.9147505033627,0.14571831078596,,,,,,3.97548565418154,52.76463138863568,628.1165459853283,17.98173884933158,1991,Subsector,1. Energy
C. CO2 Transport and storage,NO,,,,,,,,,,,,1991,Subsector,1. Energy
