GREENHOUSE GAS SOURCE AND SINK CATEGORIES,Net CO2 emissions/removals (kt),CH4 (kt),N2O (kt),Sheet,Country,Year,Level
3.  Agriculture,1376.6359638182955,1025.053428581092,52.45198444163456,Summary1.As2,GBR,2016,Sector
"4.  Land use, land-use change and forestry  (4)",-5811.491987096886,201.40301899602568,4.98562231511114,Summary1.As2,GBR,2016,Sector
5.  Waste,324.04636483793655,678.5160977002844,5.6841749191837,Summary1.As2,GBR,2016,Sector
