GREENHOUSE GAS SOURCE AND SINK CATEGORIES,Net CO2 emissions/removals (kt),CH4 (kt),N2O (kt),HFCs(1) (kt CO2 equivalent),PFCs(1),SF6 (kt),Sheet,Country,Year,Level
1. Energy,539546.6466957834,1421.4490128672583,11.93485266144121,,,,Summary1.As1,GBR,1993,Sector
2.  Industrial processes and product use,39558.08022770985,11.32405954341662,55.18191231177258,13764.685728208276,538.7008464761537,0.05098350085002,Summary1.As1,GBR,1993,Sector
