GREENHOUSE GAS SOURCE AND SINK CATEGORIES,Net CO2 emissions/removals (kt),CH4 (kt),N2O (kt),Sheet,Country,Year,Level
3.  Agriculture,1275.1150913195302,1028.7537209867917,53.6190739646571,Summary1.As2,GBR,2017,Sector
"4.  Land use, land-use change and forestry  (4)",-6055.538395659391,201.36747609369752,4.92945080379635,Summary1.As2,GBR,2017,Sector
5.  Waste,311.80816638370766,691.612189319218,5.8767463264186,Summary1.As2,GBR,2017,Sector
