GREENHOUSE GAS SOURCE AND SINK CATEGORIES,Net CO2 emissions/removals (kt),CH4 (kt),N2O (kt),Sheet,Country,Year,Level
3.  Agriculture,930.6023778262797,1171.087387353348,62.59854726931179,Summary1.As2,GBR,1999,Sector
"4.  Land use, land-use change and forestry  (4)",-647.7010574525444,196.81064816629672,6.44261699698693,Summary1.As2,GBR,1999,Sector
5.  Waste,683.7176300660886,2474.727537118951,3.9574142829742,Summary1.As2,GBR,1999,Sector
