GREENHOUSE GAS SOURCE AND SINK CATEGORIES,Net CO2 emissions/removals (kt),CH4 (kt),N2O (kt),Sheet,Country,Year,Level
3.  Agriculture,1330.4750018476766,1080.553933060078,56.12853997679075,Summary1.As2,GBR,2004,Sector
"4.  Land use, land-use change and forestry  (4)",-3255.162063760689,198.1303614862252,5.88819314445629,Summary1.As2,GBR,2004,Sector
5.  Waste,592.887656019839,1942.1015636571615,4.23317390757207,Summary1.As2,GBR,2004,Sector
