GREENHOUSE GAS SOURCE AND SINK CATEGORIES,Net CO2 emissions/removals (kt),CH4 (kt),N2O (kt),Sheet,Country,Year,Level
3.  Agriculture,1430.5189780129394,1002.255584348215,51.3086575989282,Summary1.As2,GBR,2021,Sector
"4.  Land use, land-use change and forestry  (4)",-5818.626823430596,203.35895716955903,4.8635798010391,Summary1.As2,GBR,2021,Sector
5.  Waste,335.70365281285507,613.195321610275,6.03533756319182,Summary1.As2,GBR,2021,Sector
