GREENHOUSE GAS SOURCE AND SINK CATEGORIES,Net CO2 emissions/removals (kt),CH4 (kt),N2O (kt),Sheet,Country,Year,Level
3.  Agriculture,1594.4578822683177,1007.3191464729612,51.90453462649174,Summary1.As2,GBR,2009,Sector
"4.  Land use, land-use change and forestry  (4)",-5183.412229993395,199.0955824020873,5.37794510909182,Summary1.As2,GBR,2009,Sector
5.  Waste,370.1828753220255,1267.4021261993048,4.734188571087,Summary1.As2,GBR,2009,Sector
