GREENHOUSE GAS SOURCE AND SINK CATEGORIES,Net CO2 emissions/removals (kt),CH4 (kt),N2O (kt),Sheet,Country,Year,Level
3.  Agriculture,1641.5733894450811,1052.549387921461,52.35699196873851,Summary1.As2,GBR,2007,Sector
"4.  Land use, land-use change and forestry  (4)",-4337.019740424854,199.26209407721763,5.61868066365788,Summary1.As2,GBR,2007,Sector
5.  Waste,453.0504957286163,1600.5010866590949,4.60284643220396,Summary1.As2,GBR,2007,Sector
