GREENHOUSE GAS SOURCE AND SINK CATEGORIES,Net CO2 emissions/removals (kt),CH4 (kt),N2O (kt),Sheet,Country,Year,Level
3.  Agriculture,970.5066717575482,1071.8206195569012,57.01620295481747,Summary1.As2,GBR,2003,Sector
"4.  Land use, land-use change and forestry  (4)",-2478.070003524275,198.9924395405015,6.08159490454935,Summary1.As2,GBR,2003,Sector
5.  Waste,611.6439454876187,2115.226908599903,4.18819252488014,Summary1.As2,GBR,2003,Sector
