GREENHOUSE GAS SOURCE AND SINK CATEGORIES,Net CO2 emissions/removals (kt),CH4 (kt),N2O (kt),Sheet,Country,Year,Level
3.  Agriculture,1389.3216594969206,1024.8421386637713,54.44763678172502,Summary1.As2,GBR,2014,Sector
"4.  Land use, land-use change and forestry  (4)",-6053.7211371989415,200.0885812864098,5.04250264648239,Summary1.As2,GBR,2014,Sector
5.  Waste,327.63604233315,733.9403028114624,5.55543960634195,Summary1.As2,GBR,2014,Sector
