GREENHOUSE GAS SOURCE AND SINK CATEGORIES,Net CO2 emissions/removals (kt),CH4 (kt),N2O (kt),Sheet,Country,Year,Level
3.  Agriculture,986.7518717568745,1176.7034605179344,62.4856611440181,Summary1.As2,GBR,1998,Sector
"4.  Land use, land-use change and forestry  (4)",-815.3711766353647,197.18831870558944,6.57579459039552,Summary1.As2,GBR,1998,Sector
5.  Waste,734.118553929963,2587.9950037190024,3.95283236716829,Summary1.As2,GBR,1998,Sector
