GREENHOUSE GAS SOURCE AND SINK CATEGORIES,Net CO2 emissions/removals (kt),CH4 (kt),N2O (kt),Sheet,Country,Year,Level
3.  Agriculture,1372.4774077292755,1028.9387221170784,53.77081590765029,Summary1.As2,GBR,2015,Sector
"4.  Land use, land-use change and forestry  (4)",-5873.050841258964,201.1971931842218,5.01527167667698,Summary1.As2,GBR,2015,Sector
5.  Waste,311.0210443659128,709.0465023087736,5.61056084713771,Summary1.As2,GBR,2015,Sector
