GREENHOUSE GAS SOURCE AND SINK CATEGORIES,Net CO2 emissions/removals (kt),CH4 (kt),N2O (kt),Sheet,Country,Year,Level
3.  Agriculture,1314.314325086414,998.5226480504374,52.43425499274342,Summary1.As2,GBR,2013,Sector
"4.  Land use, land-use change and forestry  (4)",-5711.7501975386685,200.7874815587193,5.16218926207862,Summary1.As2,GBR,2013,Sector
5.  Waste,321.731445951787,821.4052816685993,5.33237286848082,Summary1.As2,GBR,2013,Sector
