GREENHOUSE GAS SOURCE AND SINK CATEGORIES,Net CO2 emissions/removals (kt),CH4 (kt),N2O (kt),Sheet,Country,Year,Level
3.  Agriculture,1112.3078198511855,1167.9954749871033,61.46111013501815,Summary1.As2,GBR,1994,Sector
"4.  Land use, land-use change and forestry  (4)",1427.8593689810348,197.84947075569613,6.92214208076699,Summary1.As2,GBR,1994,Sector
5.  Waste,1163.283836442643,2583.721209193771,3.55290797548022,Summary1.As2,GBR,1994,Sector
