GREENHOUSE GAS SOURCE AND SINK CATEGORIES,Net CO2 emissions/removals (kt),CH4 (kt),N2O (kt),Sheet,Country,Year,Level
3.  Agriculture,1570.3225281620612,1081.377448128633,54.98736285553965,Summary1.As2,GBR,2005,Sector
"4.  Land use, land-use change and forestry  (4)",-3616.9083917041617,198.65009710115555,5.79764564956108,Summary1.As2,GBR,2005,Sector
5.  Waste,539.2044098749911,1839.173091480709,4.3554145459438,Summary1.As2,GBR,2005,Sector
