GREENHOUSE GAS SOURCE AND SINK CATEGORIES,Net CO2 emissions/removals (kt),CH4 (kt),N2O (kt),HFCs(1) (kt CO2 equivalent),PFCs(1),SF6 (kt),Sheet,Country,Year,Level
1. Energy,557715.5029143459,1496.8715001112016,12.32648861791229,,,,Summary1.As1,GBR,1990,Sector
2.  Industrial processes and product use,43192.569595049,11.67813188599827,81.94017031865906,12068.457467471051,1483.6613088297427,0.05288630573414,Summary1.As1,GBR,1990,Sector
