GREENHOUSE GAS SOURCE AND SINK CATEGORIES,Net CO2 emissions/removals (kt),CH4 (kt),N2O (kt),Sheet,Country,Year,Level
3.  Agriculture,1552.7881232073594,1018.5164470870818,52.01305490264079,Summary1.As2,GBR,2008,Sector
"4.  Land use, land-use change and forestry  (4)",-5130.821460931492,199.06808980874484,5.49680129312228,Summary1.As2,GBR,2008,Sector
5.  Waste,400.74986468622586,1423.1785408570554,4.50953840008421,Summary1.As2,GBR,2008,Sector
