GREENHOUSE GAS SOURCE AND SINK CATEGORIES,Net CO2 emissions/removals (kt),CH4 (kt),N2O (kt),Sheet,Country,Year,Level
3.  Agriculture,1530.1272732510508,1014.5437232198019,52.48933596760251,Summary1.As2,GBR,2010,Sector
"4.  Land use, land-use change and forestry  (4)",-5254.814476897444,200.02481614610005,5.32633705760652,Summary1.As2,GBR,2010,Sector
5.  Waste,353.83329240480685,1080.3205561105888,5.0631492344744,Summary1.As2,GBR,2010,Sector
