GREENHOUSE GAS SOURCE AND SINK CATEGORIES,Net CO2 emissions/removals (kt),CH4 (kt),N2O (kt),Sheet,Country,Year,Level
3.  Agriculture,1195.2641083318638,1181.5527555243875,62.65555277955896,Summary1.As2,GBR,1996,Sector
"4.  Land use, land-use change and forestry  (4)",477.1863477679066,197.66351128784328,6.74716244705503,Summary1.As2,GBR,1996,Sector
5.  Waste,1137.1148666002075,2635.5697451162005,3.7673696937774,Summary1.As2,GBR,1996,Sector
