GREENHOUSE GAS SOURCE AND SINK CATEGORIES,Net CO2 emissions/removals (kt),CH4 (kt),N2O (kt),Sheet,Country,Year,Level
3.  Agriculture,1295.6701815333859,1009.1230885337585,52.9172088532176,Summary1.As2,GBR,2018,Sector
"4.  Land use, land-use change and forestry  (4)",-5500.418254355141,203.22387203002336,4.97068934803437,Summary1.As2,GBR,2018,Sector
5.  Waste,305.8660426724512,694.1777914495373,5.79101490908265,Summary1.As2,GBR,2018,Sector
