GREENHOUSE GAS SOURCE AND SINK CATEGORIES,Net CO2 emissions/removals (kt),CH4 (kt),N2O (kt),Sheet,Country,Year,Level
3.  Agriculture,1584.551941609845,1059.3909122473638,53.43397274775167,Summary1.As2,GBR,2006,Sector
"4.  Land use, land-use change and forestry  (4)",-3992.1964522487046,198.62852698127907,5.67715973621895,Summary1.As2,GBR,2006,Sector
5.  Waste,383.9601106633848,1726.390745002819,4.44146835522859,Summary1.As2,GBR,2006,Sector
