GREENHOUSE GAS SOURCE AND SINK CATEGORIES,Net CO2 emissions/removals (kt),CH4 (kt),N2O (kt),Sheet,Country,Year,Level
3.  Agriculture,1389.6220400746072,1157.9974090478333,62.97354595791011,Summary1.As2,GBR,1991,Sector
"4.  Land use, land-use change and forestry  (4)",3183.095061353885,198.7648820573357,7.15096975757703,Summary1.As2,GBR,1991,Sector
5.  Waste,1413.9562295202718,2533.9213916161984,3.31037496310122,Summary1.As2,GBR,1991,Sector
