GREENHOUSE GAS SOURCE AND SINK CATEGORIES,Net CO2 emissions/removals (kt),CH4 (kt),N2O (kt),Sheet,Country,Year,Level
3.  Agriculture,1256.3574723310057,1164.6136234693122,60.95224997161547,Summary1.As2,GBR,1992,Sector
"4.  Land use, land-use change and forestry  (4)",2374.4276213895605,198.31694951960333,7.06894699115106,Summary1.As2,GBR,1992,Sector
5.  Waste,1408.0338995909156,2539.285596165915,3.46097799976552,Summary1.As2,GBR,1992,Sector
