GREENHOUSE GAS SOURCE AND SINK CATEGORIES,Net CO2 emissions/removals (kt),CH4 (kt),N2O (kt),Sheet,Country,Year,Level
3.  Agriculture,1053.4498246604091,1173.2121091677154,63.49466448610236,Summary1.As2,GBR,1997,Sector
"4.  Land use, land-use change and forestry  (4)",-62.95978519572293,197.61311682023802,6.70474258980002,Summary1.As2,GBR,1997,Sector
5.  Waste,730.1345457801694,2631.7328176889914,3.81431996263382,Summary1.As2,GBR,1997,Sector
