GREENHOUSE GAS SOURCE AND SINK CATEGORIES,Net CO2 emissions/removals (kt),CH4 (kt),N2O (kt),Sheet,Country,Year,Level
3.  Agriculture,1312.915065421947,1172.9264618307725,62.92123886438919,Summary1.As2,GBR,1990,Sector
"4.  Land use, land-use change and forestry  (4)",3671.103523583243,198.97047038452743,7.20830433478355,Summary1.As2,GBR,1990,Sector
5.  Waste,1445.1711054254847,2508.3689637134266,3.2836697786173,Summary1.As2,GBR,1990,Sector
