GREENHOUSE GAS SOURCE AND SINK CATEGORIES,Net CO2 emissions/removals (kt),CH4 (kt),N2O (kt),Sheet,Country,Year,Level
3.  Agriculture,859.0096490498295,1078.7614625925924,57.26894493295221,Summary1.As2,GBR,2001,Sector
"4.  Land use, land-use change and forestry  (4)",-1495.0972301047432,197.58148177907387,6.19810157626104,Summary1.As2,GBR,2001,Sector
5.  Waste,646.1555472784232,2303.2111790972876,4.11266942840248,Summary1.As2,GBR,2001,Sector
