GREENHOUSE GAS SOURCE AND SINK CATEGORIES,Net CO2 emissions/removals (kt),CH4 (kt),N2O (kt),Sheet,Country,Year,Level
3.  Agriculture,1444.8920360909,1010.6265628275881,53.22703479089266,Summary1.As2,GBR,2019,Sector
"4.  Land use, land-use change and forestry  (4)",-5227.680375595922,204.63354933374848,5.00872797389133,Summary1.As2,GBR,2019,Sector
5.  Waste,302.48052153215804,683.2867562904369,5.87983938797727,Summary1.As2,GBR,2019,Sector
