GREENHOUSE GAS SOURCE AND SINK CATEGORIES,Net CO2 emissions/removals (kt),CH4 (kt),N2O (kt),Sheet,Country,Year,Level
3.  Agriculture,769.2899208997696,1062.2275793345361,57.35390208837542,Summary1.As2,GBR,2002,Sector
"4.  Land use, land-use change and forestry  (4)",-2299.876610017459,197.74573666425604,6.08127070357783,Summary1.As2,GBR,2002,Sector
5.  Waste,632.5699765241154,2258.5890759076888,4.19274949116647,Summary1.As2,GBR,2002,Sector
