GREENHOUSE GAS SOURCE AND SINK CATEGORIES,Net CO2 emissions/removals (kt),CH4 (kt),N2O (kt),Sheet,Country,Year,Level
3.  Agriculture,28.61781868337164,28.97126230670418,2.80802489869916,Summary1.As2,EST,2021,Sector
"4.  Land use, land-use change and forestry  (4)",2535.1651654033176,2.68967227298162,1.02678621794591,Summary1.As2,EST,2021,Sector
5.  Waste,0.60188824425604,9.91853829320243,0.14655456829133,Summary1.As2,EST,2021,Sector
